,Unnamed: 0,link,name
0,0,[],[]
1,1,/date/1999-12-31/?ref_=bo_di_table_1,['Stuart Little']
6,6,/date/1999-12-26/?ref_=bo_di_table_6,['The Talented Mr. Ripley']
10,10,/date/1999-12-22/?ref_=bo_di_table_10,['Any Given Sunday']
16,16,/date/1999-12-16/?ref_=bo_di_table_16,['The Green Mile']
20,20,/date/1999-12-12/?ref_=bo_di_table_20,['Toy Story 2']
39,39,/date/1999-11-23/?ref_=bo_di_table_39,['The World Is Not Enough']
44,44,/date/1999-11-18/?ref_=bo_di_table_44,['Pokémon: The First Movie - Mewtwo Strikes Back']
53,53,/date/1999-11-09/?ref_=bo_di_table_53,['The Bone Collector']
58,58,/date/1999-11-04/?ref_=bo_di_table_58,['House on Haunted Hill']
65,65,/date/1999-10-28/?ref_=bo_di_table_65,['The Best Man']
67,67,/date/1999-10-26/?ref_=bo_di_table_67,['Fight Club']
70,70,/date/1999-10-23/?ref_=bo_di_table_70,['Double Jeopardy']
85,85,/date/1999-10-08/?ref_=bo_di_table_85,['Random Hearts']
100,100,/date/1999-09-23/?ref_=bo_di_table_100,['The Sixth Sense']
107,107,/date/1999-09-16/?ref_=bo_di_table_107,['Stigmata']
149,149,/date/1999-08-05/?ref_=bo_di_table_149,['Runaway Bride']
156,156,/date/1999-07-29/?ref_=bo_di_table_156,['The Haunting']
163,163,/date/1999-07-22/?ref_=bo_di_table_163,['American Pie']
175,175,/date/1999-07-10/?ref_=bo_di_table_175,['Wild Wild West']
186,186,/date/1999-06-29/?ref_=bo_di_table_186,['Star Wars: Episode I - The Phantom Menace']
195,195,/date/1999-06-20/?ref_=bo_di_table_195,['Austin Powers: The Spy Who Shagged Me']
228,228,/date/1999-05-18/?ref_=bo_di_table_228,['The Mummy']
240,240,/date/1999-05-06/?ref_=bo_di_table_240,['The Matrix']
277,277,/date/1999-03-30/?ref_=bo_di_table_277,['Saving Private Ryan']
282,282,/date/1999-03-25/?ref_=bo_di_table_282,['8MM']
329,329,/date/1999-02-06/?ref_=bo_di_table_329,['Patch Adams']
348,348,/date/1999-01-18/?ref_=bo_di_table_348,['Varsity Blues']
367,367,/date/2012-12-31/?ref_=bo_di_table_1,['The Hobbit: An Unexpected Journey']
372,372,/date/2012-12-26/?ref_=bo_di_table_6,['Les Misérables']
385,385,/date/2012-12-13/?ref_=bo_di_table_19,['Skyfall']
389,389,/date/2012-12-09/?ref_=bo_di_table_23,['Rise of the Guardians']
395,395,/date/2012-12-03/?ref_=bo_di_table_29,['The Twilight Saga: Breaking Dawn - Part 2']
421,421,/date/2012-11-07/?ref_=bo_di_table_55,['Wreck-It Ralph']
427,427,/date/2012-11-01/?ref_=bo_di_table_61,['Argo']
437,437,/date/2012-10-22/?ref_=bo_di_table_71,['Paranormal Activity 4']
445,445,/date/2012-10-14/?ref_=bo_di_table_79,['Hotel Transylvania']
446,446,/date/2012-10-13/?ref_=bo_di_table_80,['Taken 2']
447,447,/date/2012-10-12/?ref_=bo_di_table_81,['Sinister']
455,455,/date/2012-10-04/?ref_=bo_di_table_89,['Looper']
462,462,/date/2012-09-27/?ref_=bo_di_table_96,['End of Watch']
467,467,/date/2012-09-22/?ref_=bo_di_table_101,['House at the End of the Street']
469,469,/date/2012-09-20/?ref_=bo_di_table_103,['Resident Evil: Retribution']
476,476,/date/2012-09-13/?ref_=bo_di_table_110,['Lawless']
480,480,/date/2012-09-09/?ref_=bo_di_table_114,['The Possession']
490,490,/date/2012-08-30/?ref_=bo_di_table_124,['The Expendables 2']
504,504,/date/2012-08-16/?ref_=bo_di_table_138,['The Bourne Legacy']
511,511,/date/2012-08-09/?ref_=bo_di_table_145,['The Dark Knight Rises']
532,532,/date/2012-07-19/?ref_=bo_di_table_166,['Ice Age: Continental Drift']
539,539,/date/2012-07-12/?ref_=bo_di_table_173,['The Amazing Spider-Man']
549,549,/date/2012-07-02/?ref_=bo_di_table_183,['Ted']
553,553,/date/2012-06-28/?ref_=bo_di_table_187,['Brave']
560,560,/date/2012-06-21/?ref_=bo_di_table_194,"[""Madagascar 3: Europe's Most Wanted""]"
573,573,/date/2012-06-08/?ref_=bo_di_table_207,['Prometheus']
574,574,/date/2012-06-07/?ref_=bo_di_table_208,['Snow White and the Huntsman']
581,581,/date/2012-05-31/?ref_=bo_di_table_215,['Men in Black 3']
588,588,/date/2012-05-24/?ref_=bo_di_table_222,['The Avengers']
609,609,/date/2012-05-03/?ref_=bo_di_table_243,['Think Like a Man']
623,623,/date/2012-04-19/?ref_=bo_di_table_257,['The Hunger Games']
651,651,/date/2012-03-22/?ref_=bo_di_table_285,['21 Jump Street']
658,658,/date/2012-03-15/?ref_=bo_di_table_292,['The Lorax']
664,664,/date/2012-03-09/?ref_=bo_di_table_298,['John Carter']
672,672,/date/2012-03-01/?ref_=bo_di_table_306,['Act of Valor']
679,679,/date/2012-02-23/?ref_=bo_di_table_313,['Safe House']
682,682,/date/2012-02-20/?ref_=bo_di_table_316,['Journey 2: The Mysterious Island']
685,685,/date/2012-02-17/?ref_=bo_di_table_319,['The Vow']
693,693,/date/2012-02-09/?ref_=bo_di_table_327,['Chronicle']
700,700,/date/2012-02-02/?ref_=bo_di_table_334,['The Grey']
707,707,/date/2012-01-26/?ref_=bo_di_table_341,['Underworld Awakening']
714,714,/date/2012-01-19/?ref_=bo_di_table_348,['Contraband']
717,717,/date/2012-01-16/?ref_=bo_di_table_351,['Beauty and the Beast']
721,721,/date/2012-01-12/?ref_=bo_di_table_355,['Mission: Impossible - Ghost Protocol']
724,724,/date/2012-01-09/?ref_=bo_di_table_358,['The Devil Inside']
734,734,/date/2019-12-31/?ref_=bo_di_table_1,['Star Wars: Episode IX - The Rise of Skywalker']
746,746,/date/2019-12-19/?ref_=bo_di_table_13,['Jumanji: The Next Level']
753,753,/date/2019-12-12/?ref_=bo_di_table_20,['Frozen II']
774,774,/date/2019-11-21/?ref_=bo_di_table_41,['Ford v Ferrari']
781,781,/date/2019-11-14/?ref_=bo_di_table_48,['Midway']
788,788,/date/2019-11-07/?ref_=bo_di_table_55,['Terminator: Dark Fate']
795,795,/date/2019-10-31/?ref_=bo_di_table_62,['Joker']
799,799,/date/2019-10-27/?ref_=bo_di_table_66,['Maleficent: Mistress of Evil']
823,823,/date/2019-10-03/?ref_=bo_di_table_90,['Downton Abbey']
827,827,/date/2019-09-29/?ref_=bo_di_table_94,['Abominable']
837,837,/date/2019-09-19/?ref_=bo_di_table_104,['Hustlers']
841,841,/date/2019-09-15/?ref_=bo_di_table_108,['It Chapter Two']
851,851,/date/2019-09-05/?ref_=bo_di_table_118,['Angel Has Fallen']
865,865,/date/2019-08-22/?ref_=bo_di_table_132,['Good Boys']
872,872,/date/2019-08-15/?ref_=bo_di_table_139,['Fast & Furious Presents: Hobbs & Shaw']
878,878,/date/2019-08-09/?ref_=bo_di_table_145,['Scary Stories to Tell in the Dark']
879,879,/date/2019-08-08/?ref_=bo_di_table_146,['The Lion King']
900,900,/date/2019-07-18/?ref_=bo_di_table_167,['Spider-Man: Far from Home']
917,917,/date/2019-07-01/?ref_=bo_di_table_184,['Toy Story 4']
928,928,/date/2019-06-20/?ref_=bo_di_table_195,['The Secret Life of Pets 2']
932,932,/date/2019-06-16/?ref_=bo_di_table_199,['Men in Black: International']
942,942,/date/2019-06-06/?ref_=bo_di_table_209,['Aladdin']
948,948,/date/2019-05-31/?ref_=bo_di_table_215,['Godzilla: King of the Monsters']
956,956,/date/2019-05-23/?ref_=bo_di_table_223,['John Wick: Chapter 3 - Parabellum']
963,963,/date/2019-05-16/?ref_=bo_di_table_230,['Avengers: Endgame']
969,969,/date/2019-05-10/?ref_=bo_di_table_236,['Pokémon Detective Pikachu']
984,984,/date/2019-04-25/?ref_=bo_di_table_251,['Captain Marvel']
985,985,/date/2019-04-24/?ref_=bo_di_table_252,['The Curse of la Llorona']
991,991,/date/2019-04-18/?ref_=bo_di_table_258,['Shazam!']
1005,1005,/date/2019-04-04/?ref_=bo_di_table_272,['Dumbo']
1012,1012,/date/2019-03-28/?ref_=bo_di_table_279,['Us']
1033,1033,/date/2019-03-07/?ref_=bo_di_table_300,['How to Train Your Dragon: The Hidden World']
1039,1039,/date/2019-03-01/?ref_=bo_di_table_306,['A Madea Family Funeral']
1047,1047,/date/2019-02-21/?ref_=bo_di_table_314,['Alita: Battle Angel']
1050,1050,/date/2019-02-18/?ref_=bo_di_table_317,['The Lego Movie 2: The Second Part']
1055,1055,/date/2019-02-13/?ref_=bo_di_table_322,"[""Isn't It Romantic""]"
1061,1061,/date/2019-02-07/?ref_=bo_di_table_328,['The Upside']
1062,1062,/date/2019-02-06/?ref_=bo_di_table_329,['Glass']
1082,1082,/date/2019-01-17/?ref_=bo_di_table_349,['Dragon Ball Super: Broly']
1089,1089,/date/2019-01-10/?ref_=bo_di_table_356,['Aquaman']
1100,1100,/date/2000-12-31/?ref_=bo_di_table_1,['Cast Away']
1110,1110,/date/2000-12-21/?ref_=bo_di_table_11,['What Women Want']
1117,1117,/date/2000-12-14/?ref_=bo_di_table_18,['How the Grinch Stole Christmas']
1119,1119,/date/2000-12-12/?ref_=bo_di_table_20,['Vertical Limit']
1145,1145,/date/2000-11-16/?ref_=bo_di_table_46,"[""Charlie's Angels""]"
1159,1159,/date/2000-11-02/?ref_=bo_di_table_60,['Meet the Parents']
1187,1187,/date/2000-10-05/?ref_=bo_di_table_88,['Remember the Titans']
1194,1194,/date/2000-09-28/?ref_=bo_di_table_95,['The Watcher']
1198,1198,/date/2000-09-24/?ref_=bo_di_table_99,['Bring It On']
1200,1200,/date/2000-09-22/?ref_=bo_di_table_101,['The Exorcist']
1229,1229,/date/2000-08-24/?ref_=bo_di_table_130,['Space Cowboys']
1231,1231,/date/2000-08-22/?ref_=bo_di_table_132,['The Original Kings of Comedy']
1238,1238,/date/2000-08-15/?ref_=bo_di_table_139,['Hollow Man']
1250,1250,/date/2000-08-03/?ref_=bo_di_table_151,['Nutty Professor II: The Klumps']
1257,1257,/date/2000-07-27/?ref_=bo_di_table_158,['What Lies Beneath']
1264,1264,/date/2000-07-20/?ref_=bo_di_table_165,['X-Men']
1271,1271,/date/2000-07-13/?ref_=bo_di_table_172,['Scary Movie']
1278,1278,/date/2000-07-06/?ref_=bo_di_table_179,['The Perfect Storm']
1285,1285,/date/2000-06-29/?ref_=bo_di_table_186,['The Patriot']
1287,1287,/date/2000-06-27/?ref_=bo_di_table_188,"['Me, Myself & Irene']"
1292,1292,/date/2000-06-22/?ref_=bo_di_table_193,['Gone in 60 Seconds']
1306,1306,/date/2000-06-08/?ref_=bo_di_table_207,['Mission: Impossible II']
1309,1309,/date/2000-06-05/?ref_=bo_di_table_210,"[""Big Momma's House""]"
1322,1322,/date/2000-05-23/?ref_=bo_di_table_223,['Gladiator']
1341,1341,/date/2000-05-04/?ref_=bo_di_table_242,['U-571']
1345,1345,/date/2000-04-30/?ref_=bo_di_table_246,['The Flintstones in Viva Rock Vegas']
1355,1355,/date/2000-04-20/?ref_=bo_di_table_256,['Rules of Engagement']
1357,1357,/date/2000-04-18/?ref_=bo_di_table_258,['28 Days']
1366,1366,/date/2000-04-09/?ref_=bo_di_table_267,['The Road to El Dorado']
1369,1369,/date/2000-04-06/?ref_=bo_di_table_270,['Erin Brockovich']
1380,1380,/date/2000-03-26/?ref_=bo_di_table_281,['Romeo Must Die']
1390,1390,/date/2000-03-16/?ref_=bo_di_table_291,['Mission to Mars']
1397,1397,/date/2000-03-09/?ref_=bo_di_table_298,['My Dog Skip']
1398,1398,/date/2000-03-08/?ref_=bo_di_table_299,['Reindeer Games']
1399,1399,/date/2000-03-07/?ref_=bo_di_table_300,['Pitch Black']
1403,1403,/date/2000-03-03/?ref_=bo_di_table_304,['The Next Best Thing']
1405,1405,/date/2000-03-01/?ref_=bo_di_table_306,['The Whole Nine Yards']
1408,1408,/date/2000-02-27/?ref_=bo_di_table_309,['Snow Day']
1417,1417,/date/2000-02-18/?ref_=bo_di_table_318,['Hanging Up']
1418,1418,/date/2000-02-17/?ref_=bo_di_table_319,['Scream 3']
1432,1432,/date/2000-02-03/?ref_=bo_di_table_333,['Next Friday']
1437,1437,/date/2000-01-29/?ref_=bo_di_table_338,['The Hurricane']
1467,1467,/date/2001-12-31/?ref_=bo_di_table_1,['The Lord of the Rings: The Fellowship of the Ring']
1480,1480,/date/2001-12-18/?ref_=bo_di_table_14,['Vanilla Sky']
1485,1485,/date/2001-12-13/?ref_=bo_di_table_19,"[""Ocean's Eleven""]"
1492,1492,/date/2001-12-06/?ref_=bo_di_table_26,"[""Harry Potter and the Sorcerer's Stone""]"
1498,1498,/date/2001-11-30/?ref_=bo_di_table_32,['Behind Enemy Lines']
1513,1513,/date/2001-11-15/?ref_=bo_di_table_47,"['Monsters, Inc.']"
1527,1527,/date/2001-11-01/?ref_=bo_di_table_61,['K-PAX']
1534,1534,/date/2001-10-25/?ref_=bo_di_table_68,['The Last Castle']
1541,1541,/date/2001-10-18/?ref_=bo_di_table_75,['Mulholland Drive']
1548,1548,/date/2001-10-11/?ref_=bo_di_table_82,['American Pie 2']
1555,1555,/date/2001-10-04/?ref_=bo_di_table_89,['The Musketeer']
1602,1602,/date/2001-08-18/?ref_=bo_di_table_136,['Rush Hour 2']
1618,1618,/date/2001-08-02/?ref_=bo_di_table_152,['Planet of the Apes']
1625,1625,/date/2001-07-26/?ref_=bo_di_table_159,['Jurassic Park III']
1634,1634,/date/2001-07-17/?ref_=bo_di_table_168,['The Score']
1639,1639,/date/2001-07-12/?ref_=bo_di_table_173,['Final Fantasy: The Spirits Within']
1641,1641,/date/2001-07-10/?ref_=bo_di_table_175,['Cats & Dogs']
1642,1642,/date/2001-07-09/?ref_=bo_di_table_176,['Scary Movie 2']
1648,1648,/date/2001-07-03/?ref_=bo_di_table_182,['A.I. Artificial Intelligence']
1653,1653,/date/2001-06-28/?ref_=bo_di_table_187,['The Fast and the Furious']
1660,1660,/date/2001-06-21/?ref_=bo_di_table_194,['Shrek']
1664,1664,/date/2001-06-17/?ref_=bo_di_table_198,['Lara Croft: Tomb Raider']
1669,1669,/date/2001-06-12/?ref_=bo_di_table_203,['Swordfish']
1676,1676,/date/2001-06-05/?ref_=bo_di_table_210,['Pearl Harbor']
1695,1695,/date/2001-05-17/?ref_=bo_di_table_229,['The Mummy Returns']
1709,1709,/date/2001-05-03/?ref_=bo_di_table_243,['Driven']
1713,1713,/date/2001-04-29/?ref_=bo_di_table_247,['Kingdom Come']
1716,1716,/date/2001-04-26/?ref_=bo_di_table_250,"[""Bridget Jones's Diary""]"
1723,1723,/date/2001-04-19/?ref_=bo_di_table_257,['Spy Kids']
1734,1734,/date/2001-04-08/?ref_=bo_di_table_268,"['Crouching Tiger, Hidden Dragon']"
1749,1749,/date/2001-03-24/?ref_=bo_di_table_283,['The Mexican']
1776,1776,/date/2001-02-25/?ref_=bo_di_table_310,"[""Recess: School's Out""]"
1782,1782,/date/2001-02-19/?ref_=bo_di_table_316,['Hannibal']
1787,1787,/date/2001-02-14/?ref_=bo_di_table_321,['The Wedding Planner']
1807,1807,/date/2001-01-25/?ref_=bo_di_table_341,['Traffic']
1809,1809,/date/2001-01-23/?ref_=bo_di_table_343,['Save the Last Dance']
1833,1833,/date/2010-12-31/?ref_=bo_di_table_1,['True Grit']
1834,1834,/date/2010-12-30/?ref_=bo_di_table_2,['Little Fockers']
1843,1843,/date/2010-12-21/?ref_=bo_di_table_11,['TRON: Legacy']
1848,1848,/date/2010-12-16/?ref_=bo_di_table_16,['The Chronicles of Narnia: The Voyage of the Dawn Treader']
1855,1855,/date/2010-12-09/?ref_=bo_di_table_23,['Harry Potter and the Deathly Hallows: Part 1']
1859,1859,/date/2010-12-05/?ref_=bo_di_table_27,['Tangled']
1876,1876,/date/2010-11-18/?ref_=bo_di_table_44,['Unstoppable']
1880,1880,/date/2010-11-14/?ref_=bo_di_table_48,['Megamind']
1884,1884,/date/2010-11-10/?ref_=bo_di_table_52,['Due Date']
1890,1890,/date/2010-11-04/?ref_=bo_di_table_58,['Saw: The Final Chapter']
1897,1897,/date/2010-10-28/?ref_=bo_di_table_65,['Paranormal Activity 2']
1904,1904,/date/2010-10-21/?ref_=bo_di_table_72,['Jackass 3D']
1911,1911,/date/2010-10-14/?ref_=bo_di_table_79,['The Social Network']
1917,1917,/date/2010-10-08/?ref_=bo_di_table_85,['Life as We Know It']
1925,1925,/date/2010-09-30/?ref_=bo_di_table_93,['Wall Street: Money Never Sleeps']
1929,1929,/date/2010-09-26/?ref_=bo_di_table_97,"[""Legend of the Guardians: The Owls of Ga'Hoole""]"
1932,1932,/date/2010-09-23/?ref_=bo_di_table_100,['The Town']
1939,1939,/date/2010-09-16/?ref_=bo_di_table_107,['Resident Evil: Afterlife']
1946,1946,/date/2010-09-09/?ref_=bo_di_table_114,['The American']
1952,1952,/date/2010-09-03/?ref_=bo_di_table_120,['Machete']
1955,1955,/date/2010-08-31/?ref_=bo_di_table_123,['Takers']
1959,1959,/date/2010-08-27/?ref_=bo_di_table_127,['The Last Exorcism']
1960,1960,/date/2010-08-26/?ref_=bo_di_table_128,['The Expendables']
1968,1968,/date/2010-08-18/?ref_=bo_di_table_136,['Vampires Suck']
1974,1974,/date/2010-08-12/?ref_=bo_di_table_142,['The Other Guys']
1981,1981,/date/2010-08-05/?ref_=bo_di_table_149,['Inception']
1987,1987,/date/2010-07-30/?ref_=bo_di_table_155,['Dinner for Schmucks']
2002,2002,/date/2010-07-15/?ref_=bo_di_table_170,['Despicable Me']
2009,2009,/date/2010-07-08/?ref_=bo_di_table_177,['The Twilight Saga: Eclipse']
2018,2018,/date/2010-06-29/?ref_=bo_di_table_186,['Toy Story 3']
2030,2030,/date/2010-06-17/?ref_=bo_di_table_198,['The Karate Kid']
2037,2037,/date/2010-06-10/?ref_=bo_di_table_205,['Shrek Forever After']
2040,2040,/date/2010-06-07/?ref_=bo_di_table_208,['Get Him to the Greek']
2050,2050,/date/2010-05-28/?ref_=bo_di_table_218,['Sex and the City 2']
2058,2058,/date/2010-05-20/?ref_=bo_di_table_226,['Iron Man 2']
2072,2072,/date/2010-05-06/?ref_=bo_di_table_240,['A Nightmare on Elm Street']
2079,2079,/date/2010-04-29/?ref_=bo_di_table_247,['The Back-up Plan']
2082,2082,/date/2010-04-26/?ref_=bo_di_table_250,['How to Train Your Dragon']
2086,2086,/date/2010-04-22/?ref_=bo_di_table_254,['Oceans']
2087,2087,/date/2010-04-21/?ref_=bo_di_table_255,['Kick-Ass']
2093,2093,/date/2010-04-15/?ref_=bo_di_table_261,['Clash of the Titans']
2099,2099,/date/2010-04-09/?ref_=bo_di_table_267,['Date Night']
2108,2108,/date/2010-03-31/?ref_=bo_di_table_276,['The Last Song']
2114,2114,/date/2010-03-25/?ref_=bo_di_table_282,['Alice in Wonderland']
2135,2135,/date/2010-03-04/?ref_=bo_di_table_303,['Avatar']
2136,2136,/date/2010-03-03/?ref_=bo_di_table_304,['Shutter Island']
2149,2149,/date/2010-02-18/?ref_=bo_di_table_317,"[""Valentine's Day""]"
2152,2152,/date/2010-02-15/?ref_=bo_di_table_320,['Percy Jackson & the Olympians: The Lightning Thief']
2161,2161,/date/2010-02-06/?ref_=bo_di_table_329,['Dear John']
2183,2183,/date/2010-01-15/?ref_=bo_di_table_351,['The Book of Eli']
2210,2210,/date/2011-12-20/?ref_=bo_di_table_12,['Sherlock Holmes: A Game of Shadows']
2215,2215,/date/2011-12-15/?ref_=bo_di_table_17,"[""New Year's Eve""]"
2222,2222,/date/2011-12-08/?ref_=bo_di_table_24,['The Twilight Saga: Breaking Dawn - Part 1']
2243,2243,/date/2011-11-17/?ref_=bo_di_table_45,['Immortals']
2250,2250,/date/2011-11-10/?ref_=bo_di_table_52,['Puss in Boots']
2251,2251,/date/2011-11-09/?ref_=bo_di_table_53,['Tower Heist']
2260,2260,/date/2011-10-31/?ref_=bo_di_table_62,['Paranormal Activity 3']
2271,2271,/date/2011-10-20/?ref_=bo_di_table_73,['Footloose']
2274,2274,/date/2011-10-17/?ref_=bo_di_table_76,['Real Steel']
2285,2285,/date/2011-10-06/?ref_=bo_di_table_87,['Moneyball']
2289,2289,/date/2011-10-02/?ref_=bo_di_table_91,['Dolphin Tale']
2306,2306,/date/2011-09-15/?ref_=bo_di_table_108,['Contagion']
2313,2313,/date/2011-09-08/?ref_=bo_di_table_115,['The Help']
2338,2338,/date/2011-08-14/?ref_=bo_di_table_140,['Rise of the Planet of the Apes']
2348,2348,/date/2011-08-04/?ref_=bo_di_table_150,['The Smurfs']
2352,2352,/date/2011-07-31/?ref_=bo_di_table_154,['Cowboys & Aliens']
2355,2355,/date/2011-07-28/?ref_=bo_di_table_157,['Captain America: The First Avenger']
2362,2362,/date/2011-07-21/?ref_=bo_di_table_164,['Harry Potter and the Deathly Hallows: Part 2']
2369,2369,/date/2011-07-14/?ref_=bo_di_table_171,['Transformers: Dark of the Moon']
2385,2385,/date/2011-06-28/?ref_=bo_di_table_187,['Cars 2']
2390,2390,/date/2011-06-23/?ref_=bo_di_table_192,['Green Lantern']
2397,2397,/date/2011-06-16/?ref_=bo_di_table_199,['Super 8']
2404,2404,/date/2011-06-09/?ref_=bo_di_table_206,['X-Men: First Class']
2411,2411,/date/2011-06-02/?ref_=bo_di_table_213,['The Hangover Part II']
2419,2419,/date/2011-05-25/?ref_=bo_di_table_221,['Pirates of the Caribbean: On Stranger Tides']
2425,2425,/date/2011-05-19/?ref_=bo_di_table_227,['Bridesmaids']
2429,2429,/date/2011-05-15/?ref_=bo_di_table_231,['Thor']
2439,2439,/date/2011-05-05/?ref_=bo_di_table_241,['Fast Five']
2446,2446,/date/2011-04-28/?ref_=bo_di_table_248,['Rio']
2460,2460,/date/2011-04-14/?ref_=bo_di_table_262,['Hop']
2462,2462,/date/2011-04-12/?ref_=bo_di_table_264,['Hanna']
2474,2474,/date/2011-03-31/?ref_=bo_di_table_276,['Limitless']
2477,2477,/date/2011-03-28/?ref_=bo_di_table_279,['Sucker Punch']
2478,2478,/date/2011-03-27/?ref_=bo_di_table_280,['Diary of a Wimpy Kid: Rodrick Rules']
2488,2488,/date/2011-03-17/?ref_=bo_di_table_290,['Rango']
2489,2489,/date/2011-03-16/?ref_=bo_di_table_291,['Battle Los Angeles']
2502,2502,/date/2011-03-03/?ref_=bo_di_table_304,['Hall Pass']
2506,2506,/date/2011-02-27/?ref_=bo_di_table_308,['Gnomeo & Juliet']
2509,2509,/date/2011-02-24/?ref_=bo_di_table_311,['Unknown']
2516,2516,/date/2011-02-17/?ref_=bo_di_table_318,['Just Go with It']
2522,2522,/date/2011-02-11/?ref_=bo_di_table_324,['Justin Bieber: Never Say Never']
2523,2523,/date/2011-02-10/?ref_=bo_di_table_325,"[""The King's Speech""]"
2525,2525,/date/2011-02-08/?ref_=bo_di_table_327,['Sanctum']
2527,2527,/date/2011-02-06/?ref_=bo_di_table_329,['The Roommate']
2530,2530,/date/2011-02-03/?ref_=bo_di_table_332,['No Strings Attached']
2533,2533,/date/2011-01-31/?ref_=bo_di_table_335,['The Rite']
2542,2542,/date/2011-01-22/?ref_=bo_di_table_344,['The Green Hornet']
